,,,,,,,,,
,No.,画面カテゴリ,セクション／タブ,ステータス,区分,タスク内容,該当箇所画像URL,詳細・補足,
,1,リード,パイプライン,未着手,削除,パイプラインの個別画面を削除,,独立した「パイプライン」画面を廃止し、顧客・商談管理画面のビュー切り替えに統合する,　
,2,リード,顧客・商談管理,未着手,修正,ビュー切り替えに「パイプライン」を追加,,既存の「カード」「一覧」ボタンの並びに「パイプライン」を追加する,　
,3,リード,顧客・商談管理,未着手,修正,デフォルトのビュー表示を「一覧」に指定,,「一覧」「カード」「パイプライン」が並ぶUI。初期表示は「一覧」,　
,4,リード,顧客・商談管理,未着手,検討,顧客に一意のID（EIGHT-ID）を付与,,ID作成は別途要検討（別会社の方が入る可能性があるため）,　
,5,リード,顧客・商談管理 - 詳細,未着手,追加,顧客詳細画面に記入項目タブを追加,,項目：電話番号（携帯）/メールアドレス/EIGHT-ID/契約者氏名/法人・個人/部門（新築・リノベ等）/年齢/住所/知ったきっかけ/問い合わせ分類/問い合わせ日/問い合わせ内容/担当者/予算感/その他自由追加+AI連携,　
,6,顧客詳細,商談タブ,未着手,追加,商談のタイムライン表示,,各商談をクリックすると、その商談の要約が表示される,　
,7,顧客詳細,録音・要約タブ,未着手,追加,録音開始・停止ボタンを配置,,リアルタイムで音声を文字に変換,　
,8,顧客詳細,録音・要約タブ,未着手,追加,メモ欄（営業が手入力）,,テキスト選択でフローティングツールバー表示：①ToDoに追加（別タブToDoに自動追加）②文章を改善（AIによる文章改善提案）③コピー,　
,9,顧客詳細,録音・要約タブ,未着手,追加,録音テキスト履歴セクション,,全商談の文字起こし+要約テキストを一覧化。クリックでタブ切り替え可能（Notionミーティングノートのようなイメージ）,　
,10,顧客詳細,ToDoタブ,未着手,追加,3カラム構成のToDo画面,,①期限カラム（Today/upcoming/All）②ToDo一覧カラム（選択期限のToDo表示）③ToDo詳細カラム,　
,11,顧客詳細,ToDoタブ,未着手,追加,録音・要約タブからのToDo自動追加,,「録音・要約」タブで追加したToDoがToDo一覧に自動追加される,　
,12,顧客詳細,スケジューリングタブ,未着手,追加,Googleカレンダー連携での候補日提案,,2カラム構成（スケジューリングカラム/スケジュールカラム）,　
,13,顧客詳細,スケジューリングタブ,未着手,追加,スケジューリングフロー実装,,①面談区分選択（対面/オンライン/電話 等）②希望時間帯選択（午前/午後/夜/いつでも、デフォルトは「いつでも」）③所要時間選択（15/30/60/90/120分）④候補日提案ボタン押下→候補日が一覧表示,　
,14,顧客詳細,スケジューリングタブ,未着手,追加,AIによる候補日最適化,,Googleカレンダーの予定と移動を伴うかをAIが判断し、最適な候補日を複数日提案。【優先度：候補日提案=高／AI判断=低】,　
,15,顧客詳細,ファイルアップロードタブ,未着手,追加,顧客に関わるデータの保存タブ,,ファイルアップロード・顧客情報はアプリ共通として保持する,　
,16,見積もり一覧画面,表示構造,未着手,修正,見積もり表示の階層構造を整理,,階層が深くなるにつれて画面遷移するイメージ：一覧{顧客名} → {顧客名}一覧{顧客に紐づく見積もり} → {見積もり詳細},　
,17,見積もり一覧画面,見積もり詳細,未着手,追加,詳細画面の機能：編集・PDFプレビュー・コピー,,見積書をコピー＝開いている見積もりをもとに新規見積もりを作成,　
,18,見積もり一覧画面,見積もり作成,未着手,修正,大項目／詳細項目の階層構造化,,見積もり作成画面の項目を大項目・詳細項目で階層化,　
,19,見積もり一覧画面,見積もり作成,未着手,修正,作成フロー：顧客選択→情報取得→作成画面,,「見積作成」クリック→顧客選択タブor検索を表示→顧客選択でその顧客情報を取得した作成画面を表示,　
,20,見積もり一覧画面,見積もり作成,未着手,追加,工事管理・契約管理の見積もりタブと連携,,工事管理で顧客ごとに作成した見積もりを、顧客縛りなく横断で閲覧可能に。【脱線】見積もり作成に工事管理での顧客登録が必須となるため、契約管理画面にも同様の見積もりタブが必要（営業が契約管理で工事前対応中も見積作成しうるため）,　
,21,職人管理画面,職人管理タブ,未着手,修正,デフォルト表示を一覧表示に変更,,カード表示ではなく一覧表示をデフォルトとする,　
,22,職人管理画面,職人管理タブ,未着手,修正,実績セクションを横幅いっぱい表示,,現在の備考セクションのように、横幅いっぱいで作業履歴を表示。作業に関わった案件が一覧表示される,　
,23,職人管理画面,職人管理タブ,未着手,追加,スキル／対応可能エリア／契約単価／支払いセクション追加,,スキル、対応可能エリア、契約単価、支払い予定・履歴一覧セクションを追加,　
,24,契約管理画面,顧客情報タブ,未着手,修正,顧客情報を横断共通化,,顧客・商談管理／契約管理／工事管理を横断して共通の情報を保持,　
,25,契約管理画面,やり取り管理タブ,未着手,修正,旧「合意形成サポート」タブの名称変更,,名称を「やり取り管理」に変更,　
,26,契約管理画面,やり取り管理タブ,未着手,追加,外部メッセージプラットフォーム連携,,LINE／Slack／メール連携。お客様と営業の「言った言わない」防止＋要望の取りこぼし防止。プラットフォーム選択→やりとり履歴取得→AIが重要と認識した合意事項を「重要な合意事項」セクションに表示（対応済／未対応のチェックorアイコン表示）,　
,27,契約管理画面,やり取り管理タブ,未着手,追加,クイック返信機能,,選択したプラットフォームに連絡を送信可能にする,　
,28,契約管理画面,やり取り管理タブ,未着手,追加,契約後の情報入力セクション,,お客様の支払い口座情報や建物関連情報（法規上必要なもの）を一覧で確認可能に,　
,29,契約管理画面,書類作成タブ,未着手,修正,旧「契約書ドラフト作成」タブ,,タブ名は「書類作成」に変更,　
,30,契約管理画面,書類作成タブ,未着手,追加,契約書テンプレート機能,,テンプレートを管理者のみ閲覧可能な画面で設定→ユーザーはテンプレート選択するだけで、顧客情報に登録済の情報が自動転記された契約書をPDFプレビュー表示＋ダウンロード＋送付,　
,31,契約管理画面,承認ワークフロータブ,未着手,追加,最新契約書を詳細画面のまま申請可能,,ポータルのワークフローと連携。履歴も確認可能,　
,32,契約管理画面,電子契約タブ,未着手,追加,クラウドサイン連携での電子契約送信,,ワークフロー通過後、クラウドサインを利用してお客様に契約書を送信。件名とメッセージを記入してメールアドレス宛に送信可能,　
,33,契約管理画面,ドキュメント一覧タブ,未着手,追加,契約関連ドキュメントの格納タブ,,顧客・商談詳細のドキュメント、工事管理のドキュメントと連携,　
,34,全画面共通,AIチャット,未着手,追加,AIチャット（BLIDGE AI）の導入,,画面右下にアイコンのインタラクティブボタンを配置→クリックで画面左スライドインでチャット画面表示。開いている画面に応じて挨拶が変化（例：工程表→「工程表についてお手伝いできますか？」／見積もり画面→「見積もりについてお手伝いできますか？」）,　
,35,メニュー,削除メニュー,未着手,削除,請求管理・予算管理メニューの削除,,※元々の追加目的を再確認したい（コメントあり）,　
,36,メニュー,追加メニュー,未着手,追加,管理者設定メニューの追加,,管理者設定の詳細でPDFビルダー／アカウント管理／権限・ロール管理ができるように。※追加で設定すべき内容があれば要ヒアリング,　
,37,ロール定義,デフォルトロール,未着手,追加,管理者（Admin）,,システム全体の設定・管理を行う最高権限ロール。ロール作成・編集、ユーザー管理、システム設定、AI自動アサイン設定などを担当,　
,38,ロール定義,デフォルトロール,未着手,追加,経営層（Executive）,,経営判断に必要な情報を参照・分析する経営者・役員向け。BIダッシュボード活用、稟議承認などを担当,　
,39,ロール定義,デフォルトロール,未着手,追加,営業（Sales）,,顧客対応・商談・見積作成を担当。リード対応、商談管理、AI議事録活用などを担当,　
,40,ロール定義,デフォルトロール,未着手,追加,現場担当（Field Manager）,,工事の進行管理・協力業者との調整を行う現場責任者向け。工事進捗管理、発注・請書管理、現場報告などを担当,　
,41,ロール定義,デフォルトロール,未着手,追加,設計士（Designer）,,設計図面の作成・管理を担当。図面管理、設計関連書類管理などを担当,　
,42,ロール定義,デフォルトロール,未着手,追加,総務（Administration）,,勤怠管理・ワークフロー・会計データ処理を担当。勤怠管理、稟議対応、会計データエクスポート、文書管理などを担当,　
,43,ロール定義,特殊ロール,未着手,追加,外部協力業者（External Partner）,,システムにログインせずURL経由で限定的にアクセス。発注書URLを受信→画面で確認→受領操作で請書を自動送信、PDFダウンロードも可能。ログイン不要、特定案件情報のみアクセス可能,　
,44,ロール定義,拡張,未着手,追加,自由追加ロール,,会社に応じてロールを新規作成。閲覧権限なども自由に変更可能にしておく,　
,,,,,,,,,　
,,,,,,,,,　
,,,,,,,,,　
,,,,,,,,,　
,,,,,,,,,　
,,,,,,,,,　
,,,,,,,,,　
,,,,,,,,,　
,,,,,,,,,　
,,,,,,,,,　
,,,,,,,,,　
,,,,,,,,,　
,,,,,,,,,　
,,,,,,,,,　
,,,,,,,,,　
,,,,,,,,,　
,,,,,,,,,　
,,,,,,,,,　
,,,,,,,,,　
,,,,,,,,,　
,,,,,,,,,　
,,,,,,,,,　
,,,,,,,,,　
,,,,,,,,,　